{
  "User1": {
    "data": {
      "2025_04_26": {
        "23:59": {
          "level": 53,
          "tamper": false
        }
      }
    },
    "date_fixed": "2025_04_26",
    "location": {
      "Latitude": -6.770925106058247,
      "Longitude": 39.23982339496434
    }
  }
}